value,attribute,attribute/id,display_type,create_variant
.357(Buckshot),,__export__.product_attribute_38_d222431b,,
4/2/91 (Shake),,,,
7obacco,,,,
7obacco (Tobacco),,,,
A.S.A.P. (Apple Peach Strawberry),,,,
Aguamelone (Watermelon Ice),,,,
All Melon,,,,
Almond Cappuccino,,,,
Almond Cappucino,,,,
Aloe Black Currant,,,,
Aloe Grape Freeze,,,,
Aloe Grape Ice,,,,
Aloe Mango,,,,
Aloe Mango Ice,,,,
Aloe Mango Iced,,,,
Aloe Pineapple,,,,
Aloe Watermelon,,,,
Aloha Fusion,,,,
Alpine Melon,,,,
America,,,,
American Way,,,,
Angry Apple,,,,
Antidote Virus,,,,
Antidote on Ice,,,,
Apple,,,,
Apple Berries,,,,
Apple Berries Ice,,,,
Apple Blue Raspberry,,,,
Apple Blue Raspberry Freeze,,,,
Apple Butter,,,,
Apple Candy Ice (Sour Apple Ice),,,,
Apple Cinnamon,,,,
Apple Crumb,,,,
Apple Crumble Custard,,,,
Apple Fritter,,,,
Apple Grape Iced,,,,
Apple Grapefruit Mint,,,,
Apple Ice,,,,
Apple Iced,,,,
Apple Kiwi,,,,
Apple Melons,,,,
Apple Peach Rings,,,,
Apple Peach Strawberry,,,,
Apple Peach Strawberry Ice,,,,
Apple Surge,,,,
Apple Tobacco,,,,
Apple Watermelon Freeze,,,,
Apple Watermelon Ice,,,,
Apple Watermelon Iced,,,,
Appleberry,,,,
Applemint,,,,
Apricot Mango Peach Ice,,,,
Army Man,,,,
B.A.L (Berry Au Lait),,,,
BLGN Waffles,,,,
Baby Clouds (Sugar Baby),,,,
Bacco,,,,
Balanced,,,,
Banana Berry Punch,,,,
Banana Berry Smoothie,,,,
Banana Bread,,,,
Banana Cantaloupe Honeydew,,,,
Banana Cantaloupe Honeydew Iced,,,,
Banana Cereal,,,,
Banana Cream Pie,,,,
Banana Custard,,,,
Banana Dragonberry,,,,
Banana Dragonberry Ice,,,,
Banana Freeze,,,,
Banana Icy Runtz,,,,
Banana Milkshake,,,,
Banana Nut O's,,,,
Bangin' Blood Orange Iced,,,,
Belts,,,,
Berries Ice,,,,
Berries Iced,,,,
Berry,,,,
Berry Bash,,,,
Berry Blast Iced,,,,
Berry Blue Watermelon,,,,
Berry Bomb,,,,
Berry Bubble,,,,
Berry Citrus,,,,
Berry Crunch,,,,
Berry Drank,,,,
Berry Fusion Iced,,,,
Berry O's,,,,
Berry Rush,,,,
Berry Strawberry,,,,
Berry Watermelon,,,,
Bird Brains,,,,
Birthday Cannoli,,,,
Black Cherry Ice,,,,
Black Cherry Sour Apple,,,,
Black Ice Menthol,,,,
Black Menthol Ice,,,,
Blackberry,,,,
Blackberry Crumble,,,,
Blackberry Lemon,,,,
Blackberry Lemonade Ice,,,,
Blend No. 1,,,,
Blood Orange Banana,,,,
Blood Orange Cactus,,,,
Blood Orange Mango,,,,
Blood Orange Mango Ice,,,,
Blood Orange Peach,,,,
Blood Orange Peach Ice,,,,
Blue,,,,
Blue Cherry Lemonade,,,,
Blue Crepe,,,,
Blue Frost,,,,
Blue Gummy,,,,
Blue Kiwi Ice,,,,
Blue Lemon Berry,,,,
Blue Lemonade,,,,
Blue Pebbles,,,,
Blue Pom Orange,,,,
Blue Punch Berry,,,,
Blue Raspberry Chew,,,,
"Blue Raspberry Chew ""Berry Blow Doe""",,,,
Blue Raspberry Ice,,,,
Blue Raspberry Lemon Iced,,,,
Blue Raspberry Lemonade,,,,
Blue Raspberry Menthol,,,,
Blue Raspberry Peach Iced,,,,
Blue Raz Bliss,,,,
Blue Razz Blueberry Ice,,,,
Blue Razz Cotton Clouds,,,,
Blue Razz Fcuking Fab,,,,
Blue Razz Gummy,,,,
Blue Razz Iced,,,,
Blue Razz Lemon Ice,,,,
Blue Razz Lemon Iced,,,,
Blue Razz Lemonade Freeze,,,,
Blue Razz Lime Ice,,,,
Blue Razz Peach Bears Ice,,,,
Blue Razz Shark,,,,
Blue Razzle Pop,,,,
Blue Razzleberry Pomegranate,,,,
Blue Razzleberry Pomegranate Ice,,,,
Blue Slush,,,,
Blue Strawberry,,,,
Blue WTF,,,,
Blueberries Lemon Swirl,,,,
Blueberry Cake,,,,
"Blueberry Cobbler ""Humble Crumble""",,,,
Blueberry Cookie,,,,
Blueberry Custard,,,,
Blueberry Donut,,,,
Blueberry Granola,,,,
Blueberry Lemon Freeze,,,,
Blueberry Lemon Ice,,,,
Blueberry Lemonade,,,,
Blueberry Limeade,,,,
Blueberry Papaya Strawberry,,,,
Blueberry Parfait,,,,
Blueberry Pineapple Kiwi,,,,
Blueberry Strawberry Dragonfruit,,,,
Blueberry Tart,,,,
Blueberry Vanilla,,,,
Blunomenon,,,,
Bold,,,,
Bold Rich Black Tobacco,,,,
Bold Tobacco (Cuban Cigar),,,,
Boss Reserve,,,,
Boysenberry,,,,
Brazberry Grape Acai,,,,
Brazilian Tobacco,,,,
Brazzberry,,,,
Brazzberry Lemonade,,,,
Brooklyn Blue,,,,
Brooklyn Cherries,,,,
Brown Sugar,,,,
Bubble Melon,,,,
Bubble Peach Twist,,,,
Bubble Purp,,,,
Bubble Razz,,,,
Bubble Razzmelon Ice,,,,
Buhnanza (Banana Ice),,,,
Butter Brew,,,,
Butter Cookie,,,,
Butter Pecan Ice Cream,,,,
Butterscotch,,,,
Butterscotch Grand Reserve,,,,
C. Pie,,,,
C. Pie Remix,,,,
CA Mint,,,,
Cactus Chiller,,,,
Cactus Jackfruit Mandarin,,,,
Cactus Lime,,,,
Candy,,,,
Candy Blue Razz,,,,
Candy Blue Razz Freeze,,,,
Captain Cannoli,,,,
Caramel Apple,,,,
Caramel Brulee,,,,
Caramel Tobacco,,,,
Caramelized Apple,,,,
Caribbean Punch,,,,
Carnival Berry Lemonade,,,,
Carnival Berry Lemonade Frozty,,,,
Carnival Blue Cotton Candy,,,,
Carnival Blue Cotton Candy Frozty,,,,
Carnival Cotton Candy,,,,
Cherry Apple,,,,
Cherry Apple Iced,,,,
Cherry Berry Gum,,,,
Cherry Bomb Iced,,,,
Cherry Drank,,,,
Cherry Limeade,,,,
Choco Cream,,,,
Chocolate Milk,,,,
Chocomint,,,,
Chola,,,,
Churro Milkshake,,,,
Churros and Ice Cream,,,,
Cinnacream Danish,,,,
Cinnamon Bun,,,,
Cinnamon Sugar,,,,
Citrus Blueberry Freeze (Blueberry Lemon Freeze),,,,
Citrus Delight Ice,,,,
Citrus Medley,,,,
Citrus Peach,,,,
"Citrus Sorbet ""VTR""",,,,
Citrus Sorbet (VTR),,,,
Citrus Strawberry Ice,,,,
Classic,,,,
Classic Chocolate Crepe,,,,
Classic Menthol,,,,
Classic Tobacco,,,,
Clear Emerald,,,,
"Clear, Cool Mint, Menthol",,,,
Clear/Flavorless,,,,
Clementine Citrus Mango Ice,,,,
Coconut Cake,,,,
Coconut Limeade Ice,,,,
Coffee & Ice Cream,,,,
Coffee Cookie Crunch,,,,
Coffee Donuts,,,,
Coffee Milk,,,,
Coffee Tobacco,,,,
Cola Freeze,,,,
Cola Icy,,,,
Cookie Frappe,,,,
Cool Blue Frost,,,,
Cool Melon,,,,
Cool Menthol,,,,
"Cool Mint, Frozen Banana, Green Apple",,,,
Cosmic Blast,,,,
Cotton Candy/Pink,,,,
Cotton Carnival,,,,
Cotton Clouds,,,,
Cotton Fluff,,,,
Cran Apple,,,,
Cran Apple Iced,,,,
Cream Cake,,,,
Cream Cookie,,,,
Creamsicle,,,,
Creamy Crunch,,,,
Creamy Melon Ice,,,,
Creamy Strawberry,,,,
Creed Rose,,,,
Crimson Crush No. 1,,,,
Crispy Treat,,,,
Crunch Berry,,,,
Crunch Toast,,,,
Cuban (Tobacco),,,,
Cubano,,,,
Cubano Black,,,,
Cucumber Ice,,,,
Cucumber Mint,,,,
Cucumber Watermelon Chilled,,,,
Custard Cookie,,,,
Custard Graham,,,,
Custard Tobacco,,,,
Dark Side,,,,
Desert Tobacco,,,,
Devil's Punchbowl,,,,
Devil's Punchbowl Ice,,,,
Dew Berry,,,,
Dew Berry Iced,,,,
Dew Drop,,,,
Dew Drop Iced,,,,
Dewberry Cream,,,,
Dewberry Iced,,,,
Diamond Ice,,,,
Double Apple (Uniapple),,,,
Double Apple Shisha,,,,
Double Berry,,,,
Double Mango Ice -,,,,
Dragon Lychee Ice,,,,
Dragon Melon,,,,
Dragon Nana,,,,
Dragonberry Cotton Clouds,,,,
Dragonfruit Lemonade,,,,
Dragonfruit Watermelon,,,,
Dragonfruit Watermelon Ice,,,,
Dragonthol,,,,
Drops,,,,
Drops Menthol,,,,
Dry Tobacco,,,,
Dulce De Tobacco,,,,
Dvnk,,,,
EZ Duz It,,,,
EZ Duz It on Ice,,,,
Electric Apple Candy,,,,
Energy Drank,,,,
Energy Ice,,,,
Esco Bar/Fruitia Mesh (Dispo) (5000Puff)(12mL) -White Gummy,,,,
Eureka Ice (Yellow Blue),,,,
Extreme Mint Iced,,,,
Ez Duz It,,,,
Ez Duz It on Ice,,,,
FTC (Krunch),,,,
Fairgrounds,,,,
Farleys Gnarley Sauce Iced Out,,,,
Feijoa Pineapple Guava,,,,
Fire Man,,,,
Fizzy Cola Blast,,,,
Fizzy Lemon,,,,
Fizzy Lemonade,,,,
Flavor Free,,,,
Flavor: Cool Mint,,,,
Flavor: Pink Punch Lemonade,,,,
Flavorless,,,,
Flow,,,,
Forbidden Apple,,,,
French Toast,,,,
French Vanilla,,,,
Fried Eye Scream,,,,
Frooty Booty,,,,
Frooty Pebbles,,,,
Frostbite Menthol,,,,
Frosted Cronut,,,,
Frosted O's,,,,
Frozen Berries,,,,
Frozen Hulk Tears Straw-Melon Chew,,,,
Frozen Lush,,,,
Frozen Mango Strawberry,,,,
"Frozen Mango, Frozen Grape, Frozen Banana",,,,
Frozen Mint,,,,
Frozen Pineapple,,,,
Frozen Sour Belts,,,,
Frozen Watermelon Straw-Melon Chew,,,,
"Fruit Blast ""Fruit Punch""",,,,
Fruit Bomb,,,,
"Fruit Crisp ""American Dream""",,,,
Fruit Mix Iced,,,,
Fruit Punch Berry,,,,
Fruit Punch Berry Ice,,,,
Fruity,,,,
Fruity Bears Freeze,,,,
Fruity Pebz,,,,
Fruity Worms,,,,
Fuji,,,,
Fuji Apple Grape,,,,
Fuji Apple Strawberry Nectarine,,,,
Fuji Pear Mangoberry,,,,
Funfetti,,,,
Funnel Cake,,,,
Fuse,,,,
Fusion,,,,
Fuzzy Grape,,,,
Georgia Peach Freeze,,,,
Gingerbread Crunch,,,,
Glacial Mint,,,,
Glazed Donut,,,,
Glazed Donuts,,,,
Gold Kiwi Ice,,,,
Golden Custard,,,,
Golden Maple,,,,
Golden Peach Pineapple,,,,
Gooey Gummy,,,,
Grape Aloe,,,,
Grape Apple Aloe,,,,
Grape Apple Aloe Iced,,,,
Grape Apple Ice,,,,
Grape Apple Iced,,,,
Grape Berries Ice,,,,
Grape Berry,,,,
Grape Bubble Gum,,,,
Grape Chew Freeze Candy,,,,
Grape Drank,,,,
Grape Drank on Ice,,,,
Grape Frozty,,,,
Grape Iced,,,,
Grape Icy,,,,
Grape Ropes,,,,
Grape Strawberry,,,,
Grape Strawberry Iced,,,,
Grapeberry Splash,,,,
Grapeberry Splash (Grapeberry),,,,
Grapefruit Ice,,,,
Grapefruit Orange Mango,,,,
Grapefruit Orange Mango Iced,,,,
Grapple,,,,
Grapple Berry Ice,,,,
Grappleberry,,,,
Green Aloe Apple,,,,
Green Apple Straw-Melon Chew,,,,
Green Ghost,,,,
Green Pucker (Green Apple Ice),,,,
Green Pucker (Green Apple),,,,
Green Voodoo,,,,
Groovin Aloe Grape,,,,
Groovy Grape Passionfruit Iced,,,,
Guava Freeze,,,,
Guava Lava,,,,
Guava Lava Iced,,,,
Guava Obession,,,,
Guava Passionfruit (Pink Guava),,,,
Guava Passionfruit Iced (Pink Guava Iced),,,,
Gummy Bears,,,,
Gummy Tarts,,,,
Happy End Blue,,,,
Happy End Pink,,,,
Harambe,,,,
Hard Apple,,,,
Harvest,,,,
Hawaiian Berry on Ice,,,,
Hawaiian Gummi,,,,
Hawaiian Gummii,,,,
Hawaiian POG,,,,
Hawaiian POG Ice,,,,
Hawaiian Pog Ice,,,,
Hazelnut Cream,,,,
Heisenberg,,,,
Heisenberg Berry,,,,
Heisenberg Berry Menthol,,,,
Heisenberg Lemon Sour,,,,
Heisenberg Lemon Sour Menthol,,,,
Heisenberg Menthol,,,,
Heisenberg Sour Apple,,,,
Heisenberg Sour Apple Menthol,,,,
Ho! Ho! Gingerbread,,,,
Honey Crunch,,,,
Honeydew,,,,
Honeydew Ice,,,,
Honeydew Melon,,,,
Honeydew Strawberry,,,,
Huckleberry Pear Acai,,,,
Hulk Tears Blue Razz Straw-Melon Chew,,,,
Hulk Tears Straw-Melon Chew,,,,
Ice Apple,,,,
Ice Blast,,,,
Ice Blueberry Lemon,,,,
Ice Brain Freeze,,,,
Ice Cherry Lemon,,,,
Ice Cream,,,,
Ice Guava Berries,,,,
Ice Peach Mango,,,,
Ice Watermelon,,,,
Iced Apple Bomb,,,,
Iced Apple Watermelon,,,,
Iced Berry Bomb,,,,
Iced Blackberry Lemonade,,,,
Iced Blue Punch Berry,,,,
Iced Blue Razz,,,,
Iced Feijoa Pineapple,,,,
Iced Forbidden Berry,,,,
Iced Grape,,,,
Iced Grapefruit Citrus Sugarberry,,,,
Iced Mango Bomb,,,,
Iced Melons,,,,
Iced Milk of The Poppy,,,,
Iced Nectarine Pitaya Pear,,,,
Iced Out,,,,
Iced Pango,,,,
Iced Pineapple Express,,,,
Iced Pink Punch Berry,,,,
Iced Pucker Punch,,,,
Iced Purple Bomb,,,,
Iced Rain Bops,,,,
Iced Straw Guaw,,,,
Iced Strawberry Kiwi,,,,
Iced Thai Apple Melon,,,,
Iced Thai Apple Melon Razz,,,,
Iced Trapple,,,,
Iced Watermelon Gummy,,,,
Iced Watermelon Hulaberry Lime,,,,
Iced White Gummy,,,,
Icy Bites,,,,
Icy Blast,,,,
Icy Blue Razz,,,,
Icy Fresh (Mint Ice),,,,
Icy Mango,,,,
Icy Mineral Water,,,,
Icy Tart Green Apple Strawberry Peach,,,,
Illuminati,,,,
Island Colada,,,,
Island Cooler,,,,
Island Man,,,,
Island Man Iced,,,,
Island Orange,,,,
Island Orange Iced,,,,
Island Tiki Punch,,,,
Italian Espresso Custard,,,,
Java,,,,
Jaws,,,,
Jax,,,,
Jelly Bear,,,,
Jewel Cane Mint,,,,
Jewel Mint,,,,
Jewel Mint Diamond,,,,
Jewel Mint Emerald,,,,
Jewel Mint Lush Freeze,,,,
Jewel Mint Sapphire,,,,
Jewel Mint Sapphire Freeze,,,,
Jewel Spearmint,,,,
Jewel Tobacco,,,,
Joker,,,,
Jolly Green Apple,,,,
Juicy Apple,,,,
Juicy Grape,,,,
Juicy Pink Watermelon,,,,
Jungle Fever,,,,
Just Blues,,,,
Just Reds,,,,
Just Yellows,,,,
Karma,,,,
Key Lime Tart,,,,
Keylime Cookie,,,,
Kika Kiwi,,,,
Killer Kustard,,,,
Killer Kustard Lemon,,,,
Killer Kustard Strawberry,,,,
King of NY,,,,
Kiwi Berry Burst,,,,
Kiwi Berry Citrus,,,,
Kiwi Berry Ice,,,,
Kiwi Guava,,,,
Kiwi Guava Passionfruit,,,,
Kiwi Lime,,,,
Kiwi Melon,,,,
"Kiwi Melon Apple ""Pee Wee Kiwi""",,,,
"Kiwi Melon Apple Ice ""Pee Wee Kiwi Ice""",,,,
Kiwi Melon Iced,,,,
Kiwi Passion Guava,,,,
Kiwi Passion Guava Iced,,,,
Kiwi Passion Ice,,,,
Kiwi Passionfruit Nectarine,,,,
Kiwi Pom Berry Ice,,,,
Kiwi Watermelon,,,,
Knockout (Sucker Punch),,,,
Korean Pear,,,,
Kush Mint,,,,
Lava Burst Ice,,,,
Lava Flow Ice,,,,
Lemon Apple Ice,,,,
Lemon Berry Pie,,,,
Lemon Biscotti,,,,
Lemon Blue Slushie,,,,
Lemon Cheesecake,,,,
Lemon Cookie,,,,
Lemon Jam Cookie,,,,
Lemon Lush,,,,
Lemon Meringue,,,,
Lemon Passionfruit Blueberry,,,,
Lemon Passionfruit Blueberry Iced,,,,
Lemon Raspberry,,,,
Lemon Soda,,,,
Lemon Tangerine Ice,,,,
Lemon Wafer,,,,
Lemonade Ice,,,,
Lemonmint,,,,
Light Classic Brown Tobacco,,,,
Lime Passion Fruit,,,,
Lime in the Coconut,,,,
Loopy Loops,,,,
Luscious,,,,
Luscious Watermelon,,,,
Lychee,,,,
Lychee Menthol (Lychee),,,,
Lychee Strawberry Ice,,,,
Lycheed Dragon Jelly,,,,
Lycheedragon Jelly,,,,
M.O.A.B.(Clutch),,,,
MLOW,,,,
MY OH MY,,,,
Macchiato,,,,
Madre (Madrina),,,,
Magic Man,,,,
Majestic Mango,,,,
Mama Melon Ice (Honeydew Melon Ice),,,,
Mamba,,,,
Mang Tang (Mango Ice),,,,
Mang Tang (Mango),,,,
Mango Aloe,,,,
Mango Banana Ice,,,,
Mango Berries Ice,,,,
Mango Berry,,,,
Mango Blood,,,,
Mango Bomb,,,,
Mango Iced,,,,
Mango Lemonade Ice,,,,
Mango Lychee Ice,,,,
Mango Madness,,,,
"Mango Melon ""Sweater Puppets""",,,,
Mango Melon (Sweater Puppets),,,,
Mango Mistress,,,,
Mango Passion Ice,,,,
Mango Peaches & Cream,,,,
Mango Pineapple Ice,,,,
Mango Pitaya Pineapple,,,,
Mango Punch,,,,
Mango Rush Ice,,,,
Mango Strawberry Dragonfruit Freeze,,,,
Mango Strawberry Freeze,,,,
Mango Strawberry Honeydew,,,,
Mango Strawberry Ice,,,,
Mango Sunset,,,,
Mango Tango,,,,
Mango on Ice,,,,
Maniac,,,,
Maple Butter,,,,
Marshmallow,,,,
Matcha Latte,,,,
Matcha Latte (Matcha),,,,
Maui Sun,,,,
Max Pineapple Ice,,,,
Meditation,,,,
Mega Melons,,,,
Melon Berries,,,,
Melon Berries Ice,,,,
Melon Berry,,,,
Melon Breezy,,,,
Melon Burst,,,,
Melon Colada Ice,,,,
Melon Dew,,,,
Melon Ice,,,,
Melon Kiwi,,,,
Melon Kiwi Iced,,,,
Melon Lemon Cocktail,,,,
Melon Milkshake,,,,
Melon Patch,,,,
Melon Patch Iced,,,,
Melonana,,,,
Melons,,,,
Menthol (Mint),,,,
Menthol Ice,,,,
Menthol No. 1,,,,
Menthol Tobacco,,,,
"Menthol, Tobacco, Clear",,,,
Miami Mint Shisha,,,,
Midnight Blue Raz,,,,
Midnight Mint,,,,
Mighty Grapefruit,,,,
Milk & Honey,,,,
Milk of The Poppy,,,,
Mini Muffin Man,,,,
Mint 0,,,,
Mint Chill,,,,
Mint No. 1,,,,
Minty Vice,,,,
Mist,,,,
Miyazaki Mango,,,,
Mlow (Mallow),,,,
Mochida Bear (Ice),,,,
Mother's Milk,,,,
Mother's Milk & Cookies,,,,
Muffin Man,,,,
My Man,,,,
Mystery (Pink),,,,
Nectarine Lychee,,,,
Nectarine Lychee Iced,,,,
Nectarine Pitaya Pear,,,,
Nirvana,,,,
No. 00 Cappuccino Tobacco,,,,
No. 05 New York Cheesecake,,,,
No. 24 Salted Caramel Malt,,,,
No. 32 Cinnamon Funnel Cake,,,,
No. 42 Cold Fruit Cup.,,,,
No. 71 Sweet and Sour Sugar Peach,,,,
Nola Blueberry,,,,
Nola Strawberry,,,,
Nutty Choco Crepe,,,,
OB (The O.B.),,,,
OG Reds Iced,,,,
Oasis,,,,
Orange,,,,
Orange Cream Mango,,,,
Orange Cream Mango Iced,,,,
Orange Dream,,,,
Orange Kiwi Ice,,,,
Orange Mango Freeze,,,,
Orange Rush,,,,
Orange Yuzu Tangerine,,,,
Orange Yuzu Tangerine Iced,,,,
Orchard,,,,
Orgasm,,,,
Orgasm Ice,,,,
Original,,,,
Original (Golden Slam),,,,
Original Blend,,,,
Original Bunny,,,,
Original Cannoli,,,,
Original Custard (Vanilla Custard),,,,
Pacific Sangha,,,,
Paradise Pear Freeze (Peach Pear Freeze),,,,
Paradise Punch,,,,
Paradox,,,,
Paradox On The Rocks,,,,
Passion Citrus,,,,
Passion Fruit Guava,,,,
Passion Fruit Ice,,,,
Passion Fruit Lychee,,,,
Passion Fruit Orange Guava Ice,,,,
Passion Fruit Orange Ice,,,,
Passion Fruit Raspberry Yuzu,,,,
Passion Grape Ice,,,,
Passion Grapefruit,,,,
Passion Mango,,,,
Passion Mojito,,,,
Passionfruit Fruit Lemonade Iced,,,,
Passionfruit Fuji,,,,
Passionfruit Margarita,,,,
Passionfruit Orange Guava Freeze,,,,
Pch Mng,,,,
Pch Mng Ic,,,,
Peach,,,,
Peach Blue Razz Ice,,,,
Peach Blue Razz Iced,,,,
Peach Burst,,,,
Peach Cabana,,,,
Peach Cobbler,,,,
Peach Dragonfruit,,,,
Peach Dragonfruit Iced,,,,
Peach Fcuking Fab,,,,
Peach Iced,,,,
Peach Icy,,,,
Peach Lemon,,,,
Peach Mango Melon,,,,
Peach Mangomelon (Peach Mango Watermelon),,,,
Peach Melon,,,,
Peach Melon Ice,,,,
Peach Orange Cranberry,,,,
Peach Papaya Coconut Cream,,,,
Peach Pear Clementine,,,,
Peach Pear Freeze,,,,
Peach Snow-Pear,,,,
Peach Watermlon,,,,
Peach'n,,,,
Peachy Mango,,,,
Peachy Mango Iced,,,,
Peachy Mango Pineapple,,,,
Peachy Mango Pineapple Ice,,,,
Peanut Butter Banana,,,,
Peanut Butter Banana Granola,,,,
Pear Of Peaches,,,,
Pearamel,,,,
Pebbles,,,,
Pennywise Iced Out,,,,
Peppermint/Spearmint,,,,
Phenomenon,,,,
Philippine Mango,,,,
Pina Fcuking Fab,,,,
Pineapple Berry,,,,
Pineapple Citrus,,,,
Pineapple Citrus Twist,,,,
Pineapple Coconut Banana,,,,
Pineapple Coconut Banana Iced,,,,
Pineapple Coconut Rum,,,,
Pineapple Grapefruit,,,,
Pineapple Grapefruit Freeze,,,,
Pineapple Guava,,,,
Pineapple Guava Freeze,,,,
Pineapple Lemon Lime Freeze,,,,
Pineapple Lmnade on Ice,,,,
Pineapple Lush Ice,,,,
Pineapple Mango Ice,,,,
Pineapple Mango Orange,,,,
Pineapple Mango Orange Iced,,,,
Pineapple Mint,,,,
Pineapple Orange Ice,,,,
Pineapple Peach Dragonberry,,,,
Pineapple Punch,,,,
Pineapple Whip Ice,,,,
Pink,,,,
Pink 0,,,,
Pink And Whites (Circus Cookie),,,,
Pink Berry,,,,
Pink Berry Ice,,,,
Pink Bomb,,,,
Pink Burst Chew,,,,
Pink Diamond,,,,
Pink Grapefruit,,,,
Pink Kiwi,,,,
Pink Lemonade Ice,,,,
Pink No. 1,,,,
Pink Punch Berry,,,,
Pink Sour Straws,,,,
Pink Summer (Pink Lemonade Iced),,,,
Pink Summer (Pink Lemonade),,,,
Pixie Dip,,,,
Pixie Dust,,,,
Pixy,,,,
Platinum Tobacco,,,,
Polar Menthol,,,,
Pom Berry Punch Ice,,,,
Pomegranate Berry,,,,
Pomegranate Razz,,,,
Pop White,,,,
Pound It,,,,
Pound It Remix,,,,
Pumpkin Cookie,,,,
Pumpkin Spice,,,,
Punch Bowl,,,,
Punched Ice,,,,
Pure Apple,,,,
Pure Clear,,,,
Pure Lemonade,,,,
Pure Mango,,,,
Pure Melon,,,,
Pure Menthol,,,,
Pure Mint Ice,,,,
Pure Watermelon,,,,
Purple Bomb,,,,
Purple Grape,,,,
Purple Grape Ice,,,,
Purple Mango,,,,
Purple No. 1 (Berry Medley Lemonade),,,,
Purple Razz,,,,
Rain Bops,,,,
Rainbow Berries,,,,
Rainbow Blood,,,,
Rainbow Blood Ice,,,,
Rainbow Cherry,,,,
Rainbow Freeze,,,,
Rainbow No. 1,,,,
Rainbow Rapper,,,,
Rainburst,,,,
Ransom (Strawberry Limeade),,,,
Raspberry,,,,
Raspberry Green Apple Watermelon,,,,
Raspberry Green Apple Watermelon Iced,,,,
Raspberry Iced,,,,
Raspberry Lemon Mint,,,,
Raspberry Lemonade Freeze,,,,
Raspberry Lush Ice,,,,
Razz Banana,,,,
Razz Pineapple,,,,
Rebirth,,,,
Rebirth Ice,,,,
Red 0 (Ice Watermelon Madness),,,,
Red Apple -,,,,
Red Cherry Chew,,,,
Red Grapplemelon,,,,
Red No. 1,,,,
Red Tobacco,,,,
Red White and Berry,,,,
Reign Berry,,,,
Rich,,,,
Robokitty Cream,,,,
Rocket Man,,,,
Rocket Pop Freeze,,,,
Root,,,,
Royalty II,,,,
Rush,,,,
Ry4 Tobacco,,,,
Satisfying,,,,
Satisfying Iced,,,,
Sea King,,,,
Serenity,,,,
Serenity Ice,,,,
Shamrock Cookie,,,,
Skir Skirrr on Ice,,,,
Slapple,,,,
Slapple Iced,,,,
Slapple Menthol,,,,
Slushy,,,,
Smooth,,,,
Smores,,,,
Smurf Sauce,,,,
Snicker Doodle Crunch,,,,
Snickerdoodle Crunch,,,,
Snitch (Cereal Bar),,,,
Sorbet,,,,
Sour Apple Belt,,,,
Sour Apple Belts,,,,
Sour Apple Blast,,,,
Sour Apple Skittz,,,,
Sour Belts,,,,
Sour Belts Straw-Melon Chew,,,,
Sour Bites,,,,
Sour Double Apple,,,,
Sour Fruity Worms,,,,
Sour Green Apple Chilled,,,,
Sour Orange Gummy,,,,
Sour Raspberry Bubble Gum,,,,
Sour Red,,,,
Sour Summer Splash (Watermelon Green Apple Ice),,,,
Sour Watermelon Strawberry,,,,
Sour Watermelon Strawberry Ice,,,,
Sour Watermelon Strawberry Iced,,,,
Space No. 1,,,,
Spark,,,,
Spearmint Blast,,,,
Spearmint Menthol,,,,
Spoiled Milk,,,,
Starbury (Strawberry Ice),,,,
Starbury (Strawberry),,,,
Starfruit Grape,,,,
Starfruit Grape Ice,,,,
Starzz,,,,
Strapple,,,,
Strapple Iced,,,,
Strapple Peach,,,,
Straw Fcuking Fab,,,,
Straw Guaw,,,,
Straw Guaw Iced,,,,
Straw Lemon,,,,
Straw Melon,,,,
Straw Melon Sour Belts,,,,
Strawberi & Cream,,,,
Strawberry (Candy),,,,
Strawberry (Triple Strawberry Fusion),,,,
Strawberry Apple Wmln,,,,
Strawberry Apple Wmln Freeze,,,,
Strawberry Banana Apple,,,,
Strawberry Banana Apple Iced,,,,
Strawberry Banana Dream,,,,
Strawberry Banana Freeze,,,,
Strawberry Black Berry Lemon Iced,,,,
Strawberry Blackberry Lemon,,,,
Strawberry Blackberry Lemon Iced,,,,
Strawberry Bliss,,,,
Strawberry Blood,,,,
Strawberry Cake,,,,
Strawberry Candy,,,,
Strawberry Cannoli,,,,
Strawberry Cheesecake,,,,
Strawberry Cherry Watermelon Ice,,,,
Strawberry Coconut Refresher,,,,
Strawberry Cream Crepe,,,,
Strawberry Crumble,,,,
Strawberry Crush Ice,,,,
Strawberry Custard,,,,
"Strawberry Custard ""Smash Mouth""",,,,
Strawberry Custard (Smash Mouth),,,,
Strawberry Dipped,,,,
Strawberry Fluff,,,,
Strawberry Graham (Strawberry Pie),,,,
Strawberry Grape Iced,,,,
Strawberry Guava Jackfruit,,,,
Strawberry Gummy,,,,
Strawberry Iced,,,,
Strawberry Icy,,,,
Strawberry Jelly Donut,,,,
Strawberry Kiwi Freeze,,,,
Strawberry Kiwi Pomberry,,,,
Strawberry Kiwi Pomberry Freeze,,,,
Strawberry Kiwi Zushi,,,,
Strawberry Lemon,,,,
Strawberry Lemon Iced,,,,
Strawberry Lilikoi,,,,
Strawberry Lime Ice,,,,
Strawberry Lolly,,,,
Strawberry Lush Bubble Gum,,,,
Strawberry Macaroon,,,,
Strawberry Mango Iced,,,,
Strawberry Mango Nectarine,,,,
Strawberry Mango Nectarine Iced,,,,
Strawberry Melon Apple,,,,
Strawberry Melon Ice,,,,
Strawberry Menthol,,,,
Strawberry Meringue,,,,
Strawberry Milk,,,,
Strawberry Mint,,,,
Strawberry Nectar,,,,
Strawberry Orange Banana,,,,
Strawberry Parfait,,,,
Strawberry Pastry,,,,
Strawberry Peach,,,,
Strawberry Peach Ice,,,,
Strawberry Pina ice,,,,
Strawberry Roll Up,,,,
Strawberry Rolls,,,,
Strawberry Rolls Ice,,,,
Strawberry Scoops,,,,
Strawberry Vanilla,,,,
Strawberry Watermelon Bubblegum,,,,
Strawmango Iced,,,,
Strawmelon Apple Ice,,,,
Strawmelon Burst,,,,
Strawmelon Raspberry,,,,
Strawnana Ice,,,,
Strazz Candy,,,,
Strizzy,,,,
Subliminal,,,,
Sucker Punch,,,,
Sugar Rush,,,,
Summer Splash Freeze,,,,
Sundance,,,,
Super Cereal,,,,
Super Grape,,,,
Super Grape Ice,,,,
Super Melon,,,,
Swamp Thang,,,,
Sweet Citrus,,,,
Sweet Cream,,,,
Sweet Peach Soda,,,,
Sweet Strawberry,,,,
Sweet Tobacco,,,,
Sweet Tobacco (Caramel),,,,
Sweet Tobacco Cream,,,,
Swell,,,,
TNT,,,,
TNT Ice,,,,
TNT Tobacco,,,,
TNT Tobacco Menthol,,,,
Tango Twist,,,,
Tango Twist Freeze,,,,
Tangy Apple Splash,,,,
Tart Watermelon Freeze (Watermelon Lime Freeze),,,,
Thai Apple Melon Razz,,,,
The Man,,,,
The Mint Leaf,,,,
The Raging Donut,,,,
Thirst Ice,,,,
Tobacco Gold No.1,,,,
Tobacco Menthol,,,,
Tobacco Mint,,,,
Tobacco Platinum No. 1,,,,
Tobacco Silver No. 1,,,,
Toffee Vanilla Custard,,,,
Tortoise on Ice,,,,
Trapple,,,,
Trapple Iced,,,,
Trollz Twist,,,,
Tropic Mango,,,,
Tropic Passion,,,,
Tropic Thunder,,,,
Tropical Breeze,,,,
Tropical Crush,,,,
Tropical Fruit Smoothie,,,,
Tropical Gummy,,,,
Tropical Ice,,,,
Tropical Mango,,,,
Tropical Mixer,,,,
Tropical Tango,,,,
Tropical Tango Freeze,,,,
Tropicali,,,,
Turkish Tobacco,,,,
Twisted Cherry,,,,
Twisted Tangy,,,,
Unflavored,,,,
Unicorn Frappe on Ice,,,,
Unicorn Milk,,,,
Unicorn Tears Cookie,,,,
Unicorn Treats,,,,
VCT,,,,
VCT BOLD,,,,
VTR,,,,
Vanilla Almond Custard,,,,
Vanilla Almond Tobacco,,,,
Vanilla Bean,,,,
"Vanilla Butterscotch ""Hop Scotch""",,,,
Vanilla Coffee Ice,,,,
Vanilla Crumble -,,,,
Vanilla Crunch,,,,
Vanilla Tart,,,,
Vanilla Tobacco,,,,
Very Berry Hibiscus,,,,
Very Berry Hibiscus Iced,,,,
Vimto Ice,,,,
Virus,,,,
WTF Strawberry Sour Belts,,,,
Warden (Hazelnut Pecan Butter),,,,
Watermango Peach,,,,
Watermelon Apple,,,,
Watermelon Apple Ice,,,,
Watermelon Apple Iced,,,,
Watermelon Apple Pear,,,,
Watermelon Apple Pear Iced,,,,
Watermelon Berry,,,,
Watermelon Berry Iced,,,,
Watermelon Bubblegum Gelato,,,,
Watermelon Bubblegum Ice,,,,
Watermelon Cherry Ice,,,,
Watermelon Drop Freeze,,,,
Watermelon Gummy,,,,
Watermelon Ice Cream,,,,
Watermelon Iced,,,,
Watermelon Lime,,,,
Watermelon Lime Freeze,,,,
Watermelon Patch Freeze,,,,
Watermelon Punch,,,,
Watermelon Punch Ice,,,,
Watermelon Remix Ice,,,,
Watermelon Rush,,,,
Watermelon Rush Ice,,,,
Watermelon Rush on Ice,,,,
Watermelon Skittz,,,,
Watermelon Slushee,,,,
Watermelon Strawberry,,,,
Watermelon Strawberry -,,,,
Watermelon Strawberry Freeze,,,,
Watermelon Strawberry Ice,,,,
Watermelon Wave,,,,
Whisky Cigar,,,,
White Chocolate Mocha,,,,
White Clouds Chew,,,,
White No. 1,,,,
White Peach Razz,,,,
White Peach Strawberry,,,,
White Peach Strawberry Iced,,,,
Wigglyville (Spearmint),,,,
Wild Berry Dew,,,,
Winter Green,,,,
Wld Wtrmn,,,,
Worms Ice,,,,
X-Rated,,,,
XXX And Chill,,,,
Xmas Mint,,,,
Yellow Green Red Mango,,,,
Yellow Green Red Mango Iced,,,,
Yummi B,,,,
Yummi Blue Raspberry,,,,
Yummi Grape,,,,
Yummi Grape Frozty,,,,
Yummi Mango,,,,
Yummi Mango Frozty,,,,
Yummi Watermelon,,,,
Yummi Watermelon Frozty,,,,
Yummy Gummy,,,,
Zero Degrees (Subzero),,,,
0,,__export__.product_attribute_40_7590b0f7,,
12,,,,
15,,,,
18,,,,
20,,,,
24,,,,
25,,,,
28,,,,
3,,,,
30,,,,
35,,,,
36,,,,
40,,,,
40-50,,,,
45,,,,
48,,,,
50,,,,
55,,,,
6,,,,
10,,__export__.product_attribute_44_243795ae,,
100,,,,
12,,,,
120,,,,
13,,,,
14,,,,
15,,,,
16,,,,
17,,,,
18,,,,
19,,,,
20,,,,
21,,,,
22,,,,
24,,,,
25,,,,
30,,,,
4,,,,
4.5,,,,
6,,,,
60,,,,
7,,,,
8,,,,
9,,,,
7DZE,,__export__.product_attribute_31_a7331468,,
BDVC,,,,
BLKO,,,,
DMVW,,,,
DOTM,,,,
DVPO,,,,
EFST,,,,
FNST,,,,
FRFM,,,,
FRMX,,,,
GKVP,,,,
HMBL,,,,
HRZN,,,,
IVPS,,,,
LMRY,,,,
LSTV,,,,
MIPD,,,,
MISC,,,,
MLVS,,,,
OXBR,,,,
OXVA,,,,
PATA,,,,
RCKY,,,,
RUTH,,,,
SIGE,,,,
STRM,,,,
SURN,,,,
TBCO,,,,
UWLL,,,,
VDXD,,,,
VNDY,,,,
VOPO,,,,
VPRB,,,,
VRSO,,,,
7-Color,,__export__.product_attribute_34_590deacf,,
7-Color Shell,,,,
7-Color Spray,,,,
Amaretto Brown,,,,
Aquamarine,,,,
Baby Strip,,,,
Basalt Gray,,,,
Berry Purple,,,,
Black Carbon,,,,
Black Shell,,,,
Black Wood,,,,
Black/White,,,,
Blue Haze,,,,
Blue/Black,,,,
Brown Leather,,,,
Bubble,,,,
Camo Red,,,,
Camo Silver,,,,
Clear Ruby,,,,
Clear Turquoise,,,,
Copper Red,,,,
Cyan,,,,
Frozen Aurora,,,,
Gold Carbon Fiber,,,,
Green/Red,,,,
Grey Leather,,,,
Grey Splicing Leather,,,,
IML 7-Color Cobra,,,,
IML Blue Cobra,,,,
IML White Cobra,,,,
Ice Green,,,,
Ice Purple,,,,
Iridescent,,,,
Iris Purple,,,,
Jet Black,,,,
Lagoon Blue,,,,
Lake Blue,,,,
Lake Green,,,,
Lumina,,,,
Macaroon Blue,,,,
Matte Blue,,,,
Matte Gray,,,,
Matte Gun Metal,,,,
Matte Red,,,,
Mineral Green,,,,
Night Black,,,,
Phantom Blue,,,,
Pink Black,,,,
Pink Survivor,,,,
Purple Pink,,,,
Purple Wood,,,,
Race Track,,,,
Red Carbon Fiber,,,,
SS/Black,,,,
Serpentine Yellow,,,,
Silver Green,,,,
Silver Textured Carbon,,,,
Sky Purple,,,,
Sparkling Purple,,,,
Spiral Grey,,,,
Spray Black,,,,
Starry Night,,,,
Sunrise Orange,,,,
Sunrise Sky,,,,
Tiffany Blue Carbon Fiber (Peacock),,,,
Tiffany Blue Shell (Peacock),,,,
Titanium Silver,,,,
Twilight Gold,,,,
Twilight Purple,,,,
V12-T12,,,,
White/Blue,,,,
Yellow/Purple,,,,
0.12,,__export__.product_attribute_43_fabbbbe0,,
0.14,,,,
0.15,,,,
0.15ohm,,,,
0.16,,,,
0.2,,,,
0.23,,,,
0.25,,,,
0.2ohm,,,,
0.3,,,,
0.32,,,,
0.35,,,,
0.4,,,,
0.45,,,,
0.45ohm,,,,
0.5,,,,
0.55,,,,
0.6,,,,
0.7,,,,
0.7ohm,,,,
0.8,,,,
0.9,,,,
1.0,,,,
1.0ohm,,,,
1.2,,,,
1.4,,,,
1.5,,,,
1.8,,,,
Ceramic,,__export__.product_attribute_32_992dc97f,,
Conical Mesh,,,,
Dual Mesh,,,,
M4 Mesh,,,,
Mesh,,,,
Mesh MTL,,,,
NX2 Mesh,,,,
RPM 3 Coil,,,,
Regular,,,,
SS316 X1 Mesh,,,,
Stick Mesh,,,,
TX1,,,,
TX2,,,,
UN2 Mesh,,,,
UN2 Single Mesh,,,,
UN2-2 Dual Mesh,,,,
UN2-3 Triple Mesh,,,,
X1 Mesh,,,,
X2 Mesh,,,,
X3 Mesh,,,,
0.15ohm,,__export__.product_attribute_43_fabbbbe0,,
0.7ohm,,,,
1.0ohm,,,,
1.1ohm,,,,
1.2ohm,,,,
1.4ohm,,,,
P0.15 XM,,__export__.product_attribute_32_992dc97f,,
PnP-VM6,,,,
UN2 Mesh-H,,,,
V8-T10,,,,
V8-X4,,,,
DC,,__export__.product_attribute_47_41ee3b41,,
DTL,,,,
Strip,,,,
3-Pack,,__export__.product_attribute_42_177d0f35,,
650,Battery Mah,,radio,instantly
1,Pack Quantity,,radio,instantly
2,,,,
E2,Model,,select,instantly
L7,,,,
L8,,,,
M-Triple,,,,
M1,,,,
M4 V2,,,,
M6,,,,
M7,,,,
M8,,,,
PnP II,,,,
RPM 2,,,,
Sector Mesh,,,,
T8,,,,
VVC-30,,,,
X1,,,,
X3,,,,
X4,,,,
was E1,Note,,radio,instantly
DL,Vaping Style,,radio,instantly
DTL,,,,
MTL,,,,
3-Pack,Pack Size,,radio,instantly
Quartz,Coil Material,,radio,instantly
Carbon Fiber,Material,,radio,instantly
Ka1 Mesh,,,,
Leather,,,,
Resin,,,,
Stabwood,,,,
Stainless Steel,,,,
Cobra,Pattern,,radio,instantly
Discontinued,Status,,radio,instantly
V1,Version,,radio,instantly
DTL,Style,,radio,instantly
MTL,,,,
5ml,Capacity (mL),,radio,instantly
DTL,Draw Type,,radio,instantly
